code,system
B620800,readv2
B620200,readv2
BBj6000,readv2
B620500,readv2
B600300,readv2
BBgH.00,readv2
B601500,readv2
B616z00,readv2
B617.00,readv2
B621500,readv2
B62y100,readv2
B621400,readv2
B616800,readv2
BBj1100,readv2
B612400,readv2
B61z100,readv2
BBj1.00,readv2
B620100,readv2
BBgG.00,readv2
B61z500,readv2
B62y800,readv2
B621800,readv2
B614300,readv2
B602100,readv2
BBmH.00,readv2
B61z400,readv2
BBgC.00,readv2
B611100,readv2
B601800,readv2
B616400,readv2
BBk3.00,readv2
B601100,readv2
BBgD.00,readv2
B610100,readv2
BBj6200,readv2
B601300,readv2
B616000,readv2
B62z100,readv2
B61z800,readv2
B602300,readv2
B62y300,readv2
B623100,readv2
B62y200,readv2
B614200,readv2
D401100,readv2
B616.00,readv2
B615500,readv2
B62z400,readv2
B625800,readv2
BBgL.00,readv2
B614400,readv2
BBgC.12,readv2
B620300,readv2
B614800,readv2
B621300,readv2
BBj1000,readv2
B601200,readv2
B62y600,readv2
BBgC.11,readv2
B616700,readv2
B615200,readv2
B600100,readv2
B62y500,readv2
B62y400,readv2
B61z200,readv2
BBm9.00,readv2
B623300,readv2
B615100,readv2
B61z300,readv2
BBmD.00,readv2
B602200,readv2
B610300,readv2
B602500,readv2
BBm5.00,readv2
B625200,readv2
BBm1.11,readv2
BBp2.00,readv2
B62z500,readv2
BBk0.00,readv2
BBg1000,readv2
BBgN.00,readv2
B62z600,readv2
BBm1.00,readv2
B62z200,readv2
BBg7.00,readv2
B62z800,readv2
B62z000,readv2
BBgQ.00,readv2
B62z300,readv2
BBg1.00,readv2
BBg4.00,readv2
BBgV.00,readv2
BBgP.00,readv2
B67y000,readv2
B627500,readv2
BBgM.00,readv2
B62F100,readv2
BBgT.00,readv2
B62A.00,readv2
B62Ew00,readv2
B627A00,readv2
BBgS.00,readv2
BBp1.00,readv2
B627400,readv2
BBg5.00,readv2
BBgR.00,readv2
B62E.00,readv2
B62F000,readv2
B627300,readv2
C37yB00,readv2
BBr2700,readv2
B64y500,readv2
B66..11,readv2
B62x000,readv2
BBp0.00,readv2
B62x100,readv2
BBk0.11,readv2
B627900,readv2
4M2..00,readv2
B935.12,readv2
BBg1.11,readv2
B62x400,readv2
BBm2.00,readv2
BBgA.00,readv2
BBgJ.00,readv2
BBgE.00,readv2
B627D00,readv2
ByuD300,readv2
B627X00,readv2
B614000,readv2
ByuDF00,readv2
ByuDE00,readv2
B61z000,readv2
B62y000,readv2
ByuDC00,readv2
B601000,readv2
B62x.00,readv2
B625000,readv2
B623000,readv2
B615000,readv2
C37y700,readv2
B624000,readv2
B620000,readv2
B627W00,readv2
B613300,readv2
B613000,readv2
B613200,readv2
B613z00,readv2
B613100,readv2
B613.00,readv2
B613800,readv2
B613500,readv2
B627100,readv2
B628200,readv2
BBk0.12,readv2
B627000,readv2
B628.00,readv2
B627B00,readv2
B628700,readv2
B627200,readv2
BBk7.00,readv2
B62F.00,readv2
B628100,readv2
B628000,readv2
BBk2.00,readv2
B62F.11,readv2
B627C00,readv2
B628400,readv2
BBg2.00,readv2
BBk0.13,readv2
ByuD100,readv2
B627C11,readv2
B628300,readv2
BBk..00,readv2
BBgK.00,readv2
BBkz.00,readv2
B627.00,readv2
BBgB.00,readv2
4M20.00,readv2
4M22.00,readv2
4M21.00,readv2
4M23.00,readv2
B620z00,readv2
B620.00,readv2
BBn0.11,readv2
B630.12,readv2
B630.00,readv2
BBn0.13,readv2
B63..00,readv2
N330900,readv2
B6...11,readv2
B62z.00,readv2
B62..00,readv2
B627E00,readv2
BBv0.00,readv2
B627G00,readv2
B602.00,readv2
B602z00,readv2
A789600,readv2
B624.11,readv2
BBm..00,readv2
B624z00,readv2
B624.00,readv2
B621000,readv2
BBlz.00,readv2
BBl0.00,readv2
B621z00,readv2
BBl..00,readv2
B621.00,readv2
B619.00,readv2
B61B.00,readv2
B61C.00,readv2
B618.00,readv2
BBm3.00,readv2
B625z00,readv2
B625.00,readv2
B628500,readv2
B628600,readv2
B623.00,readv2
B623z00,readv2
B62y.00,readv2
B62yz00,readv2
B60..00,readv2
B600700,readv2
B62D.00,readv2
B600000,readv2
BBh..00,readv2
B600z00,readv2
B60y.00,readv2
B600.00,readv2
BBh0.00,readv2
B612.00,readv2
BBh2.00,readv2
B60z.00,readv2
BBm4.00,readv2
B62x600,readv2
B62zz00,readv2
BBg0.00,readv2
ByuDF11,readv2
B627.11,readv2
C333000,readv2
C333011,readv2
BBmK.00,readv2
B614z00,readv2
BBj..00,readv2
B61zz00,readv2
BBg2.11,readv2
B61z.11,readv2
B614.00,readv2
B61z.00,readv2
B614100,readv2
BBj6.00,readv2
BBj0.00,readv2
BBjz.00,readv2
B61..11,readv2
ZV10711,readv2
B61..00,readv2
B615z00,readv2
BBj7.00,readv2
BBj6100,readv2
B615.00,readv2
BBj2.00,readv2
B613700,readv2
B61z700,readv2
B62y700,readv2
B614700,readv2
B62E500,readv2
B62E600,readv2
BBv2.00,readv2
B611.00,readv2
BBj9.00,readv2
B610.00,readv2
B935.11,readv2
BBn2.00,readv2
B630400,readv2
BBn1.11,readv2
B630200,readv2
B630000,readv2
B936.12,readv2
C333.00,readv2
C333z00,readv2
B601.00,readv2
BBg6.00,readv2
B601700,readv2
B601z00,readv2
B62E200,readv2
B62E100,readv2
B62E300,readv2
B62E700,readv2
B613600,readv2
BBgz.00,readv2
BBg..00,readv2
BBg8.00,readv2
B627600,readv2
B62E900,readv2
B62E800,readv2
B627700,readv2
B62F200,readv2
BBgG.11,readv2
BBgG.13,readv2
BBgG.12,readv2
BBB1.00,readv2
BBg3.00,readv2
B627800,readv2
BBj4.00,readv2
B622z00,readv2
BBl1.00,readv2
B622.00,readv2
ByuD000,readv2
ByuD200,readv2
B62xX00,readv2
B62x200,readv2
B630.11,readv2
C37y800,readv2